seq,external_id,timestamp,unix_ts,window_key,window_et_label,window_local_label,sec_from_window_start,sec_to_window_end,action_class,activity_type,outcome,side,price,size,amount_usd,cum_events,cum_buy,cum_sell,cum_merge,cum_usd,cum_size,cum_up_shares,cum_down_shares,cum_pairs_min,market_slug,event_slug,title
1,raw:6c1a844177997b597d5a83696fa11a939130c8f2,2026-05-15T01:30:13+00:00,1778808613,btc-updown-5m-1778808600 | btc-updown-5m-1778808600,9:30-9:35 PM ET,04:30-04:35 Europe/Kyiv,13,287,BUY,TRADE,Up,BUY,0.4700001219000939,1.886791,0.886792,1,1,0,0,0.886792,1.886791,1.886791,0.0,0.0,btc-updown-5m-1778808600,btc-updown-5m-1778808600,"Bitcoin Up or Down - May 14, 9:30PM-9:35PM ET"
2,raw:6eb6d14f3e728657ffc0b369ee524fd92f047b50,2026-05-15T01:30:15+00:00,1778808615,btc-updown-5m-1778808600 | btc-updown-5m-1778808600,9:30-9:35 PM ET,04:30-04:35 Europe/Kyiv,15,285,BUY,TRADE,Up,BUY,0.47,5.0,2.35,2,2,0,0,3.236792,6.886791,6.886791,0.0,0.0,btc-updown-5m-1778808600,btc-updown-5m-1778808600,"Bitcoin Up or Down - May 14, 9:30PM-9:35PM ET"
3,raw:86eb57018df77b025fe3f6cc494eed9b18fad8a4,2026-05-15T01:30:15+00:00,1778808615,btc-updown-5m-1778808600 | btc-updown-5m-1778808600,9:30-9:35 PM ET,04:30-04:35 Europe/Kyiv,15,285,BUY,TRADE,Up,BUY,0.4700001416832707,1.905659,0.89566,3,3,0,0,4.132452,8.79245,8.79245,0.0,0.0,btc-updown-5m-1778808600,btc-updown-5m-1778808600,"Bitcoin Up or Down - May 14, 9:30PM-9:35PM ET"
4,raw:a5043003583f5848d7659b40ef9b01224d267733,2026-05-15T01:30:15+00:00,1778808615,btc-updown-5m-1778808600 | btc-updown-5m-1778808600,9:30-9:35 PM ET,04:30-04:35 Europe/Kyiv,15,285,BUY,TRADE,Up,BUY,0.48,50.0,24.0,4,4,0,0,28.132452,58.79245,58.79245,0.0,0.0,btc-updown-5m-1778808600,btc-updown-5m-1778808600,"Bitcoin Up or Down - May 14, 9:30PM-9:35PM ET"
5,raw:b909bdd5d796a1ffbea42f9df680a666dfba34f2,2026-05-15T01:30:15+00:00,1778808615,btc-updown-5m-1778808600 | btc-updown-5m-1778808600,9:30-9:35 PM ET,04:30-04:35 Europe/Kyiv,15,285,BUY,TRADE,Up,BUY,0.4700001416832707,1.905659,0.89566,5,5,0,0,29.028112,60.698109,60.698109,0.0,0.0,btc-updown-5m-1778808600,btc-updown-5m-1778808600,"Bitcoin Up or Down - May 14, 9:30PM-9:35PM ET"
6,raw:dab7ec4c21a8e9438651f2cc1b8483abdf7a9e23,2026-05-15T01:30:15+00:00,1778808615,btc-updown-5m-1778808600 | btc-updown-5m-1778808600,9:30-9:35 PM ET,04:30-04:35 Europe/Kyiv,15,285,BUY,TRADE,Up,BUY,0.4700001416832707,1.905659,0.89566,6,6,0,0,29.923772,62.603768,62.603768,0.0,0.0,btc-updown-5m-1778808600,btc-updown-5m-1778808600,"Bitcoin Up or Down - May 14, 9:30PM-9:35PM ET"
7,raw:be33adc4c3c710cfb53986c8cb204440d25acc93,2026-05-15T01:30:18+00:00,1778808618,btc-updown-5m-1778808600 | btc-updown-5m-1778808600,9:30-9:35 PM ET,04:30-04:35 Europe/Kyiv,18,282,BUY,TRADE,Up,BUY,0.46,50.0,23.0,7,7,0,0,52.923772,112.603768,112.603768,0.0,0.0,btc-updown-5m-1778808600,btc-updown-5m-1778808600,"Bitcoin Up or Down - May 14, 9:30PM-9:35PM ET"
8,raw:db21efdb7cca3d45943fa0beb190061b938718de,2026-05-15T01:30:18+00:00,1778808618,btc-updown-5m-1778808600 | btc-updown-5m-1778808600,9:30-9:35 PM ET,04:30-04:35 Europe/Kyiv,18,282,BUY,TRADE,Up,BUY,0.45,50.0,22.5,8,8,0,0,75.423772,162.603768,162.603768,0.0,0.0,btc-updown-5m-1778808600,btc-updown-5m-1778808600,"Bitcoin Up or Down - May 14, 9:30PM-9:35PM ET"
9,raw:09b7c7538202c41bea4e3f7266847f8bb5c19e6d,2026-05-15T01:30:20+00:00,1778808620,btc-updown-5m-1778808600 | btc-updown-5m-1778808600,9:30-9:35 PM ET,04:30-04:35 Europe/Kyiv,20,280,BUY,TRADE,Down,BUY,0.57,38.21,21.7797,9,9,0,0,97.203472,200.813768,162.603768,38.21,38.21,btc-updown-5m-1778808600,btc-updown-5m-1778808600,"Bitcoin Up or Down - May 14, 9:30PM-9:35PM ET"
10,raw:0d682138880dae12edfa6cfa79d809f717893efa,2026-05-15T01:30:24+00:00,1778808624,btc-updown-5m-1778808600 | btc-updown-5m-1778808600,9:30-9:35 PM ET,04:30-04:35 Europe/Kyiv,24,276,BUY,TRADE,Down,BUY,0.6500001225000797,2.857141,1.857142,10,10,0,0,99.060614,203.670909,162.603768,41.067141,41.067141,btc-updown-5m-1778808600,btc-updown-5m-1778808600,"Bitcoin Up or Down - May 14, 9:30PM-9:35PM ET"
11,raw:38c4c40efbdb7917d5066a6a41e8a350c602a5f1,2026-05-15T01:30:24+00:00,1778808624,btc-updown-5m-1778808600 | btc-updown-5m-1778808600,9:30-9:35 PM ET,04:30-04:35 Europe/Kyiv,24,276,BUY,TRADE,Down,BUY,0.65,4.56,2.964,11,11,0,0,102.024614,208.230909,162.603768,45.627141,45.627141,btc-updown-5m-1778808600,btc-updown-5m-1778808600,"Bitcoin Up or Down - May 14, 9:30PM-9:35PM ET"
12,raw:a9a5692ec8960630d41d5049a7266d2b9699423d,2026-05-15T01:30:24+00:00,1778808624,btc-updown-5m-1778808600 | btc-updown-5m-1778808600,9:30-9:35 PM ET,04:30-04:35 Europe/Kyiv,24,276,BUY,TRADE,Down,BUY,0.65,5.19,3.3735,12,12,0,0,105.398114,213.420909,162.603768,50.817141,50.817141,btc-updown-5m-1778808600,btc-updown-5m-1778808600,"Bitcoin Up or Down - May 14, 9:30PM-9:35PM ET"
13,raw:8079a8bcd728c07a7951c972c50cbf6f7a562b84,2026-05-15T01:30:25+00:00,1778808625,btc-updown-5m-1778808600 | btc-updown-5m-1778808600,9:30-9:35 PM ET,04:30-04:35 Europe/Kyiv,25,275,BUY,TRADE,Down,BUY,0.65,5.0,3.25,13,13,0,0,108.648114,218.420909,162.603768,55.817141,55.817141,btc-updown-5m-1778808600,btc-updown-5m-1778808600,"Bitcoin Up or Down - May 14, 9:30PM-9:35PM ET"
14,raw:f0a46515dcf96318e46cbb84496711065d8d8431,2026-05-15T01:30:25+00:00,1778808625,btc-updown-5m-1778808600 | btc-updown-5m-1778808600,9:30-9:35 PM ET,04:30-04:35 Europe/Kyiv,25,275,BUY,TRADE,Down,BUY,0.65,32.39,21.0535,14,14,0,0,129.701614,250.810909,162.603768,88.207141,88.207141,btc-updown-5m-1778808600,btc-updown-5m-1778808600,"Bitcoin Up or Down - May 14, 9:30PM-9:35PM ET"
15,raw:9cccf0f0aa34e1bda0062151015c87910cff4ba8,2026-05-15T01:30:36+00:00,1778808636,btc-updown-5m-1778808600 | btc-updown-5m-1778808600,9:30-9:35 PM ET,04:30-04:35 Europe/Kyiv,36,264,BUY,TRADE,Up,BUY,0.16,50.0,8.0,15,15,0,0,137.701614,300.810909,212.603768,88.207141,88.207141,btc-updown-5m-1778808600,btc-updown-5m-1778808600,"Bitcoin Up or Down - May 14, 9:30PM-9:35PM ET"
16,raw:15b7930f0cc0ca87cfcb2f539505e9628aab033b,2026-05-15T01:30:38+00:00,1778808638,btc-updown-5m-1778808600 | btc-updown-5m-1778808600,9:30-9:35 PM ET,04:30-04:35 Europe/Kyiv,38,262,BUY,TRADE,Down,BUY,0.82,6.67,5.4694,16,16,0,0,143.171014,307.480909,212.603768,94.877141,94.877141,btc-updown-5m-1778808600,btc-updown-5m-1778808600,"Bitcoin Up or Down - May 14, 9:30PM-9:35PM ET"
17,raw:8129830f83a6c984359078ff77f97a7b0e88d0d2,2026-05-15T01:30:38+00:00,1778808638,btc-updown-5m-1778808600 | btc-updown-5m-1778808600,9:30-9:35 PM ET,04:30-04:35 Europe/Kyiv,38,262,BUY,TRADE,Down,BUY,0.82,0.3,0.246,17,17,0,0,143.417014,307.780909,212.603768,95.177141,95.177141,btc-updown-5m-1778808600,btc-updown-5m-1778808600,"Bitcoin Up or Down - May 14, 9:30PM-9:35PM ET"
18,raw:a244d39e2939274e9fc6f1a9d86cca9acb6cf42c,2026-05-15T01:30:38+00:00,1778808638,btc-updown-5m-1778808600 | btc-updown-5m-1778808600,9:30-9:35 PM ET,04:30-04:35 Europe/Kyiv,38,262,BUY,TRADE,Down,BUY,0.82,50.0,41.0,18,18,0,0,184.417014,357.780909,212.603768,145.177141,145.177141,btc-updown-5m-1778808600,btc-updown-5m-1778808600,"Bitcoin Up or Down - May 14, 9:30PM-9:35PM ET"
19,raw:dc4d14b6ccbf85924062ce9bec3071dab07ce2fe,2026-05-15T01:30:38+00:00,1778808638,btc-updown-5m-1778808600 | btc-updown-5m-1778808600,9:30-9:35 PM ET,04:30-04:35 Europe/Kyiv,38,262,BUY,TRADE,Down,BUY,0.8200000365217424,19.166665,15.716666,19,19,0,0,200.13368,376.947574,212.603768,164.343806,164.343806,btc-updown-5m-1778808600,btc-updown-5m-1778808600,"Bitcoin Up or Down - May 14, 9:30PM-9:35PM ET"
20,raw:e054e238f6f07cbbb7134fb1e83d59e4c508f607,2026-05-15T01:30:38+00:00,1778808638,btc-updown-5m-1778808600 | btc-updown-5m-1778808600,9:30-9:35 PM ET,04:30-04:35 Europe/Kyiv,38,262,BUY,TRADE,Down,BUY,0.8200000720000072,11.11111,9.111111,20,20,0,0,209.244791,388.058684,212.603768,175.454916,175.454916,btc-updown-5m-1778808600,btc-updown-5m-1778808600,"Bitcoin Up or Down - May 14, 9:30PM-9:35PM ET"
21,raw:00007932fc3a1ae4180704c2d84ddb331fe2e312,2026-05-15T01:30:39+00:00,1778808639,btc-updown-5m-1778808600 | btc-updown-5m-1778808600,9:30-9:35 PM ET,04:30-04:35 Europe/Kyiv,39,261,BUY,TRADE,Down,BUY,0.82,1.62,1.3284,21,21,0,0,210.573191,389.678684,212.603768,177.074916,177.074916,btc-updown-5m-1778808600,btc-updown-5m-1778808600,"Bitcoin Up or Down - May 14, 9:30PM-9:35PM ET"
22,raw:49fac19b8a21017b0d89869b496a4e3107a3f23a,2026-05-15T01:30:39+00:00,1778808639,btc-updown-5m-1778808600 | btc-updown-5m-1778808600,9:30-9:35 PM ET,04:30-04:35 Europe/Kyiv,39,261,BUY,TRADE,Down,BUY,0.8100000627000107,10.526314,8.526315,22,22,0,0,219.099506,400.204998,212.603768,187.60123,187.60123,btc-updown-5m-1778808600,btc-updown-5m-1778808600,"Bitcoin Up or Down - May 14, 9:30PM-9:35PM ET"
23,raw:62478b7d8b507c0eac96c9c55253db1676ef872e,2026-05-15T01:30:39+00:00,1778808639,btc-updown-5m-1778808600 | btc-updown-5m-1778808600,9:30-9:35 PM ET,04:30-04:35 Europe/Kyiv,39,261,BUY,TRADE,Down,BUY,0.8200001296000363,5.555554,4.555555,23,23,0,0,223.655061,405.760552,212.603768,193.156784,193.156784,btc-updown-5m-1778808600,btc-updown-5m-1778808600,"Bitcoin Up or Down - May 14, 9:30PM-9:35PM ET"
24,raw:e252035331bc86aa27c4942cba44292a14d21d5e,2026-05-15T01:30:39+00:00,1778808639,btc-updown-5m-1778808600 | btc-updown-5m-1778808600,9:30-9:35 PM ET,04:30-04:35 Europe/Kyiv,39,261,BUY,TRADE,Down,BUY,0.8200001296000363,5.555554,4.555555,24,24,0,0,228.210616,411.316106,212.603768,198.712338,198.712338,btc-updown-5m-1778808600,btc-updown-5m-1778808600,"Bitcoin Up or Down - May 14, 9:30PM-9:35PM ET"
25,raw:42f33cca19ebfaf0c9436e933f066128f29855b3,2026-05-15T01:30:41+00:00,1778808641,btc-updown-5m-1778808600 | btc-updown-5m-1778808600,9:30-9:35 PM ET,04:30-04:35 Europe/Kyiv,41,259,BUY,TRADE,Down,BUY,0.81,39.47,31.9707,25,25,0,0,260.181316,450.786106,212.603768,238.182338,212.603768,btc-updown-5m-1778808600,btc-updown-5m-1778808600,"Bitcoin Up or Down - May 14, 9:30PM-9:35PM ET"
26,raw:3f924a88f869ce0e3e05f920c032055666721dcd,2026-05-15T01:30:45+00:00,1778808645,btc-updown-5m-1778808600 | btc-updown-5m-1778808600,9:30-9:35 PM ET,04:30-04:35 Europe/Kyiv,45,255,BUY,TRADE,Down,BUY,0.8,50.0,40.0,26,26,0,0,300.181316,500.786106,212.603768,288.182338,212.603768,btc-updown-5m-1778808600,btc-updown-5m-1778808600,"Bitcoin Up or Down - May 14, 9:30PM-9:35PM ET"
27,raw:5d1788ebfb3bf9f8cf8563133c17c1117ea8e937,2026-05-15T01:30:45+00:00,1778808645,btc-updown-5m-1778808600 | btc-updown-5m-1778808600,9:30-9:35 PM ET,04:30-04:35 Europe/Kyiv,45,255,BUY,TRADE,Down,BUY,0.78,50.0,39.0,27,27,0,0,339.181316,550.786106,212.603768,338.182338,212.603768,btc-updown-5m-1778808600,btc-updown-5m-1778808600,"Bitcoin Up or Down - May 14, 9:30PM-9:35PM ET"
28,raw:9b5fd1057de29948d8981e70c2bbcc227247a566,2026-05-15T01:30:45+00:00,1778808645,btc-updown-5m-1778808600 | btc-updown-5m-1778808600,9:30-9:35 PM ET,04:30-04:35 Europe/Kyiv,45,255,BUY,TRADE,Down,BUY,0.79,50.0,39.5,28,28,0,0,378.681316,600.786106,212.603768,388.182338,212.603768,btc-updown-5m-1778808600,btc-updown-5m-1778808600,"Bitcoin Up or Down - May 14, 9:30PM-9:35PM ET"
29,raw:c4160521ef82101de26a997b97b83eed4ebe8638,2026-05-15T01:30:45+00:00,1778808645,btc-updown-5m-1778808600 | btc-updown-5m-1778808600,9:30-9:35 PM ET,04:30-04:35 Europe/Kyiv,45,255,BUY,TRADE,Down,BUY,0.77,50.0,38.5,29,29,0,0,417.181316,650.786106,212.603768,438.182338,212.603768,btc-updown-5m-1778808600,btc-updown-5m-1778808600,"Bitcoin Up or Down - May 14, 9:30PM-9:35PM ET"
30,raw:89a981a39a0ea5abdd8971e515659a9bd5c3f975,2026-05-15T01:30:52+00:00,1778808652,btc-updown-5m-1778808600 | btc-updown-5m-1778808600,9:30-9:35 PM ET,04:30-04:35 Europe/Kyiv,52,248,BUY,TRADE,Down,BUY,0.8700000344317846,24.976922,21.729923,30,30,0,0,438.911239,675.763028,212.603768,463.15926,212.603768,btc-updown-5m-1778808600,btc-updown-5m-1778808600,"Bitcoin Up or Down - May 14, 9:30PM-9:35PM ET"
31,raw:05b6aeffeb5cfeb1981e717d04784bc165390180,2026-05-15T01:30:57+00:00,1778808657,btc-updown-5m-1778808600 | btc-updown-5m-1778808600,9:30-9:35 PM ET,04:30-04:35 Europe/Kyiv,57,243,BUY,TRADE,Down,BUY,0.92,6.21,5.7132,31,31,0,0,444.624439,681.973028,212.603768,469.36926,212.603768,btc-updown-5m-1778808600,btc-updown-5m-1778808600,"Bitcoin Up or Down - May 14, 9:30PM-9:35PM ET"
32,raw:e4203dda2e5164f5033edc6c45813f49339935dd,2026-05-15T01:30:57+00:00,1778808657,btc-updown-5m-1778808600 | btc-updown-5m-1778808600,9:30-9:35 PM ET,04:30-04:35 Europe/Kyiv,57,243,BUY,TRADE,Down,BUY,0.92,12.5,11.5,32,32,0,0,456.124439,694.473028,212.603768,481.86926,212.603768,btc-updown-5m-1778808600,btc-updown-5m-1778808600,"Bitcoin Up or Down - May 14, 9:30PM-9:35PM ET"
33,raw:f84883ba190d8529b88ec70feb6f19c0c7f45957,2026-05-15T01:30:59+00:00,1778808659,btc-updown-5m-1778808600 | btc-updown-5m-1778808600,9:30-9:35 PM ET,04:30-04:35 Europe/Kyiv,59,241,BUY,TRADE,Down,BUY,0.92,16.79,15.4468,33,33,0,0,471.571239,711.263028,212.603768,498.65926,212.603768,btc-updown-5m-1778808600,btc-updown-5m-1778808600,"Bitcoin Up or Down - May 14, 9:30PM-9:35PM ET"
34,raw:09311c7c2865bb6186594480e3f90e095eb0a4b3,2026-05-15T01:31:00+00:00,1778808660,btc-updown-5m-1778808600 | btc-updown-5m-1778808600,9:30-9:35 PM ET,04:30-04:35 Europe/Kyiv,60,240,BUY,TRADE,Down,BUY,0.92,14.5,13.34,34,34,0,0,484.911239,725.763028,212.603768,513.15926,212.603768,btc-updown-5m-1778808600,btc-updown-5m-1778808600,"Bitcoin Up or Down - May 14, 9:30PM-9:35PM ET"
35,raw:16e90b743f1867b8c62daff452fb90588831e558,2026-05-15T01:31:00+00:00,1778808660,btc-updown-5m-1778808600 | btc-updown-5m-1778808600,9:30-9:35 PM ET,04:30-04:35 Europe/Kyiv,60,240,BUY,TRADE,Down,BUY,0.92,7.5,6.9,35,35,0,0,491.811239,733.263028,212.603768,520.65926,212.603768,btc-updown-5m-1778808600,btc-updown-5m-1778808600,"Bitcoin Up or Down - May 14, 9:30PM-9:35PM ET"
36,raw:920f68baaaec332b6c124ad8ad161057ade281b3,2026-05-15T01:31:00+00:00,1778808660,btc-updown-5m-1778808600 | btc-updown-5m-1778808600,9:30-9:35 PM ET,04:30-04:35 Europe/Kyiv,60,240,BUY,TRADE,Down,BUY,0.92,39.0,35.88,36,36,0,0,527.691239,772.263028,212.603768,559.65926,212.603768,btc-updown-5m-1778808600,btc-updown-5m-1778808600,"Bitcoin Up or Down - May 14, 9:30PM-9:35PM ET"
37,raw:a95f2c060fe15a7990ce1a58d55c7c0830932c23,2026-05-15T01:31:00+00:00,1778808660,btc-updown-5m-1778808600 | btc-updown-5m-1778808600,9:30-9:35 PM ET,04:30-04:35 Europe/Kyiv,60,240,BUY,TRADE,Down,BUY,0.9,10.0,9.0,37,37,0,0,536.691239,782.263028,212.603768,569.65926,212.603768,btc-updown-5m-1778808600,btc-updown-5m-1778808600,"Bitcoin Up or Down - May 14, 9:30PM-9:35PM ET"
38,raw:d2e3018a516fe4a331806824a98224b0eb670ec1,2026-05-15T01:31:00+00:00,1778808660,btc-updown-5m-1778808600 | btc-updown-5m-1778808600,9:30-9:35 PM ET,04:30-04:35 Europe/Kyiv,60,240,BUY,TRADE,Down,BUY,0.91,50.0,45.5,38,38,0,0,582.191239,832.263028,212.603768,619.65926,212.603768,btc-updown-5m-1778808600,btc-updown-5m-1778808600,"Bitcoin Up or Down - May 14, 9:30PM-9:35PM ET"
39,raw:ed3f19885a01028ddbbc1de3998366c684eab62d,2026-05-15T01:31:00+00:00,1778808660,btc-updown-5m-1778808600 | btc-updown-5m-1778808600,9:30-9:35 PM ET,04:30-04:35 Europe/Kyiv,60,240,BUY,TRADE,Down,BUY,0.92,3.5,3.22,39,39,0,0,585.411239,835.763028,212.603768,623.15926,212.603768,btc-updown-5m-1778808600,btc-updown-5m-1778808600,"Bitcoin Up or Down - May 14, 9:30PM-9:35PM ET"
40,raw:2ddb5449d4a86a768a99fbfa8ad3eb44b7366364,2026-05-15T01:31:02+00:00,1778808662,btc-updown-5m-1778808600 | btc-updown-5m-1778808600,9:30-9:35 PM ET,04:30-04:35 Europe/Kyiv,62,238,BUY,TRADE,Up,BUY,0.07,18.0,1.26,40,40,0,0,586.671239,853.763028,230.603768,623.15926,230.603768,btc-updown-5m-1778808600,btc-updown-5m-1778808600,"Bitcoin Up or Down - May 14, 9:30PM-9:35PM ET"
41,raw:382b49eec473785ebaf8cb5d5cd7b142d059173b,2026-05-15T01:31:02+00:00,1778808662,btc-updown-5m-1778808600 | btc-updown-5m-1778808600,9:30-9:35 PM ET,04:30-04:35 Europe/Kyiv,62,238,BUY,TRADE,Up,BUY,0.060000037600487305,1.063816,0.063829,41,41,0,0,586.735068,854.826844,231.667584,623.15926,231.667584,btc-updown-5m-1778808600,btc-updown-5m-1778808600,"Bitcoin Up or Down - May 14, 9:30PM-9:35PM ET"
42,raw:3d676d763e3a4e09e0cb4409852350958ecd455b,2026-05-15T01:31:02+00:00,1778808662,btc-updown-5m-1778808600 | btc-updown-5m-1778808600,9:30-9:35 PM ET,04:30-04:35 Europe/Kyiv,62,238,BUY,TRADE,Up,BUY,0.060000003957901386,5.053183,0.303191,42,42,0,0,587.038259,859.880027,236.720767,623.15926,236.720767,btc-updown-5m-1778808600,btc-updown-5m-1778808600,"Bitcoin Up or Down - May 14, 9:30PM-9:35PM ET"
43,raw:549069216254875a9ed079647c01d18c26692c14,2026-05-15T01:31:02+00:00,1778808662,btc-updown-5m-1778808600 | btc-updown-5m-1778808600,9:30-9:35 PM ET,04:30-04:35 Europe/Kyiv,62,238,BUY,TRADE,Up,BUY,0.06,5.0,0.3,43,43,0,0,587.338259,864.880027,241.720767,623.15926,241.720767,btc-updown-5m-1778808600,btc-updown-5m-1778808600,"Bitcoin Up or Down - May 14, 9:30PM-9:35PM ET"
44,raw:5ffb3b35728f3d51b2171a40bef8d10826cada5b,2026-05-15T01:31:02+00:00,1778808662,btc-updown-5m-1778808600 | btc-updown-5m-1778808600,9:30-9:35 PM ET,04:30-04:35 Europe/Kyiv,62,238,BUY,TRADE,Up,BUY,0.07,14.0,0.98,44,44,0,0,588.318259,878.880027,255.720767,623.15926,255.720767,btc-updown-5m-1778808600,btc-updown-5m-1778808600,"Bitcoin Up or Down - May 14, 9:30PM-9:35PM ET"
45,raw:a924d04af21422fd6c3476f30d9270f9396f2e95,2026-05-15T01:31:02+00:00,1778808662,btc-updown-5m-1778808600 | btc-updown-5m-1778808600,9:30-9:35 PM ET,04:30-04:35 Europe/Kyiv,62,238,BUY,TRADE,Up,BUY,0.06,32.87,1.9722,45,45,0,0,590.290459,911.750027,288.590767,623.15926,288.590767,btc-updown-5m-1778808600,btc-updown-5m-1778808600,"Bitcoin Up or Down - May 14, 9:30PM-9:35PM ET"
46,raw:c53401287db4063d8bf1117f95ce26419e20bfe6,2026-05-15T01:31:02+00:00,1778808662,btc-updown-5m-1778808600 | btc-updown-5m-1778808600,9:30-9:35 PM ET,04:30-04:35 Europe/Kyiv,62,238,BUY,TRADE,Up,BUY,0.06,1.0,0.06,46,46,0,0,590.350459,912.750027,289.590767,623.15926,289.590767,btc-updown-5m-1778808600,btc-updown-5m-1778808600,"Bitcoin Up or Down - May 14, 9:30PM-9:35PM ET"
47,raw:d1df92fe31964a0d9097821f471bab89a29443b1,2026-05-15T01:31:02+00:00,1778808662,btc-updown-5m-1778808600 | btc-updown-5m-1778808600,9:30-9:35 PM ET,04:30-04:35 Europe/Kyiv,62,238,BUY,TRADE,Up,BUY,0.06,5.0,0.3,47,47,0,0,590.650459,917.750027,294.590767,623.15926,294.590767,btc-updown-5m-1778808600,btc-updown-5m-1778808600,"Bitcoin Up or Down - May 14, 9:30PM-9:35PM ET"
48,raw:f8b988921d6a2720390d21753b1f7189d5dc446e,2026-05-15T01:31:02+00:00,1778808662,btc-updown-5m-1778808600 | btc-updown-5m-1778808600,9:30-9:35 PM ET,04:30-04:35 Europe/Kyiv,62,238,BUY,TRADE,Up,BUY,0.07,18.0,1.26,48,48,0,0,591.910459,935.750027,312.590767,623.15926,312.590767,btc-updown-5m-1778808600,btc-updown-5m-1778808600,"Bitcoin Up or Down - May 14, 9:30PM-9:35PM ET"
49,raw:0ec27f615f46f889cffe2f441cc18467a3f848a1,2026-05-15T01:31:04+00:00,1778808664,btc-updown-5m-1778808600 | btc-updown-5m-1778808600,9:30-9:35 PM ET,04:30-04:35 Europe/Kyiv,64,236,BUY,TRADE,Up,BUY,0.05,5.0,0.25,49,49,0,0,592.160459,940.750027,317.590767,623.15926,317.590767,btc-updown-5m-1778808600,btc-updown-5m-1778808600,"Bitcoin Up or Down - May 14, 9:30PM-9:35PM ET"
50,raw:1a588442de299bfec3354a7de5c7f4244764c235,2026-05-15T01:31:04+00:00,1778808664,btc-updown-5m-1778808600 | btc-updown-5m-1778808600,9:30-9:35 PM ET,04:30-04:35 Europe/Kyiv,64,236,BUY,TRADE,Up,BUY,0.05,7.5,0.375,50,50,0,0,592.535459,948.250027,325.090767,623.15926,325.090767,btc-updown-5m-1778808600,btc-updown-5m-1778808600,"Bitcoin Up or Down - May 14, 9:30PM-9:35PM ET"
51,raw:24aab3e011f0c4859e52ab8a8d9e177fcd4e058c,2026-05-15T01:31:04+00:00,1778808664,btc-updown-5m-1778808600 | btc-updown-5m-1778808600,9:30-9:35 PM ET,04:30-04:35 Europe/Kyiv,64,236,BUY,TRADE,Up,BUY,0.05,4.14314,0.207157,51,51,0,0,592.742616,952.393167,329.233907,623.15926,329.233907,btc-updown-5m-1778808600,btc-updown-5m-1778808600,"Bitcoin Up or Down - May 14, 9:30PM-9:35PM ET"
52,raw:2f7bec287f48cfaf1f21bed0364752c49ba1c5b6,2026-05-15T01:31:04+00:00,1778808664,btc-updown-5m-1778808600 | btc-updown-5m-1778808600,9:30-9:35 PM ET,04:30-04:35 Europe/Kyiv,64,236,BUY,TRADE,Up,BUY,0.05,7.0,0.35,52,52,0,0,593.092616,959.393167,336.233907,623.15926,336.233907,btc-updown-5m-1778808600,btc-updown-5m-1778808600,"Bitcoin Up or Down - May 14, 9:30PM-9:35PM ET"
53,raw:77e66288a610aecb91269f5d5bc48c753d7a62c7,2026-05-15T01:31:04+00:00,1778808664,btc-updown-5m-1778808600 | btc-updown-5m-1778808600,9:30-9:35 PM ET,04:30-04:35 Europe/Kyiv,64,236,BUY,TRADE,Up,BUY,0.05,5.26,0.263,53,53,0,0,593.355616,964.653167,341.493907,623.15926,341.493907,btc-updown-5m-1778808600,btc-updown-5m-1778808600,"Bitcoin Up or Down - May 14, 9:30PM-9:35PM ET"
54,raw:8329f34faf96e43b3538cc26ec44c86b1c657f04,2026-05-15T01:31:04+00:00,1778808664,btc-updown-5m-1778808600 | btc-updown-5m-1778808600,9:30-9:35 PM ET,04:30-04:35 Europe/Kyiv,64,236,BUY,TRADE,Up,BUY,0.05,1.0842,0.05421,54,54,0,0,593.409826,965.737367,342.578107,623.15926,342.578107,btc-updown-5m-1778808600,btc-updown-5m-1778808600,"Bitcoin Up or Down - May 14, 9:30PM-9:35PM ET"
55,raw:da72abb40423cef7ae818e08ab79ba731ca0ee13,2026-05-15T01:31:04+00:00,1778808664,btc-updown-5m-1778808600 | btc-updown-5m-1778808600,9:30-9:35 PM ET,04:30-04:35 Europe/Kyiv,64,236,BUY,TRADE,Up,BUY,0.05,20.0,1.0,55,55,0,0,594.409826,985.737367,362.578107,623.15926,362.578107,btc-updown-5m-1778808600,btc-updown-5m-1778808600,"Bitcoin Up or Down - May 14, 9:30PM-9:35PM ET"
56,raw:19f4e2936de768a84e1f0809777fd513ba95d59d,2026-05-15T01:31:09+00:00,1778808669,btc-updown-5m-1778808600 | btc-updown-5m-1778808600,9:30-9:35 PM ET,04:30-04:35 Europe/Kyiv,69,231,BUY,TRADE,Up,BUY,0.04,16.87,0.6748,56,56,0,0,595.084626,1002.607367,379.448107,623.15926,379.448107,btc-updown-5m-1778808600,btc-updown-5m-1778808600,"Bitcoin Up or Down - May 14, 9:30PM-9:35PM ET"
57,raw:263fdb445084183877f28a6e0088c6ddf02b51b5,2026-05-15T01:31:09+00:00,1778808669,btc-updown-5m-1778808600 | btc-updown-5m-1778808600,9:30-9:35 PM ET,04:30-04:35 Europe/Kyiv,69,231,BUY,TRADE,Up,BUY,0.04,8.0,0.32,57,57,0,0,595.404626,1010.607367,387.448107,623.15926,387.448107,btc-updown-5m-1778808600,btc-updown-5m-1778808600,"Bitcoin Up or Down - May 14, 9:30PM-9:35PM ET"
58,raw:2f3e4ef51032fefc7368a3e1b04440bd4c9803f4,2026-05-15T01:31:09+00:00,1778808669,btc-updown-5m-1778808600 | btc-updown-5m-1778808600,9:30-9:35 PM ET,04:30-04:35 Europe/Kyiv,69,231,BUY,TRADE,Up,BUY,0.04,8.0,0.32,58,58,0,0,595.724626,1018.607367,395.448107,623.15926,395.448107,btc-updown-5m-1778808600,btc-updown-5m-1778808600,"Bitcoin Up or Down - May 14, 9:30PM-9:35PM ET"
59,raw:422de6dabda56873982cd2a9ff79af237ca0e874,2026-05-15T01:31:09+00:00,1778808669,btc-updown-5m-1778808600 | btc-updown-5m-1778808600,9:30-9:35 PM ET,04:30-04:35 Europe/Kyiv,69,231,BUY,TRADE,Up,BUY,0.04,7.89,0.3156,59,59,0,0,596.040226,1026.497367,403.338107,623.15926,403.338107,btc-updown-5m-1778808600,btc-updown-5m-1778808600,"Bitcoin Up or Down - May 14, 9:30PM-9:35PM ET"
60,raw:66bdab8820e65a5206796ad75def05bfe81acccf,2026-05-15T01:31:09+00:00,1778808669,btc-updown-5m-1778808600 | btc-updown-5m-1778808600,9:30-9:35 PM ET,04:30-04:35 Europe/Kyiv,69,231,BUY,TRADE,Up,BUY,0.04,8.0,0.32,60,60,0,0,596.360226,1034.497367,411.338107,623.15926,411.338107,btc-updown-5m-1778808600,btc-updown-5m-1778808600,"Bitcoin Up or Down - May 14, 9:30PM-9:35PM ET"
61,raw:fb27ab9ebbf430ce2c3143617a03a7ac3c24070e,2026-05-15T01:31:09+00:00,1778808669,btc-updown-5m-1778808600 | btc-updown-5m-1778808600,9:30-9:35 PM ET,04:30-04:35 Europe/Kyiv,69,231,BUY,TRADE,Up,BUY,0.04,1.232075,0.049283,61,61,0,0,596.409509,1035.729442,412.570182,623.15926,412.570182,btc-updown-5m-1778808600,btc-updown-5m-1778808600,"Bitcoin Up or Down - May 14, 9:30PM-9:35PM ET"
62,raw:c07ae7bcc001354d0009684c63a310b40f4708c6,2026-05-15T01:31:14+00:00,1778808674,btc-updown-5m-1778808600 | btc-updown-5m-1778808600,9:30-9:35 PM ET,04:30-04:35 Europe/Kyiv,74,226,BUY,TRADE,Up,BUY,0.03,13.38,0.4014,62,62,0,0,596.810909,1049.109442,425.950182,623.15926,425.950182,btc-updown-5m-1778808600,btc-updown-5m-1778808600,"Bitcoin Up or Down - May 14, 9:30PM-9:35PM ET"
63,raw:6cde9a215f503d65f034c0d645b3411f7f460eec,2026-05-15T01:31:16+00:00,1778808676,btc-updown-5m-1778808600 | btc-updown-5m-1778808600,9:30-9:35 PM ET,04:30-04:35 Europe/Kyiv,76,224,BUY,TRADE,Up,BUY,0.03,0.42,0.0126,63,63,0,0,596.823509,1049.529442,426.370182,623.15926,426.370182,btc-updown-5m-1778808600,btc-updown-5m-1778808600,"Bitcoin Up or Down - May 14, 9:30PM-9:35PM ET"
64,raw:b46e9b536f627fe3d402b06aecd299f2757def1f,2026-05-15T01:31:16+00:00,1778808676,btc-updown-5m-1778808600 | btc-updown-5m-1778808600,9:30-9:35 PM ET,04:30-04:35 Europe/Kyiv,76,224,BUY,TRADE,Up,BUY,0.03,20.0,0.6,64,64,0,0,597.423509,1069.529442,446.370182,623.15926,446.370182,btc-updown-5m-1778808600,btc-updown-5m-1778808600,"Bitcoin Up or Down - May 14, 9:30PM-9:35PM ET"
65,raw:dd03d79f9be7324b764d172e19cbd94f02f6af04,2026-05-15T01:31:16+00:00,1778808676,btc-updown-5m-1778808600 | btc-updown-5m-1778808600,9:30-9:35 PM ET,04:30-04:35 Europe/Kyiv,76,224,BUY,TRADE,Up,BUY,0.030000001940002324,5.154633,0.154639,65,65,0,0,597.578148,1074.684075,451.524815,623.15926,451.524815,btc-updown-5m-1778808600,btc-updown-5m-1778808600,"Bitcoin Up or Down - May 14, 9:30PM-9:35PM ET"
66,raw:f036763b09e6e7e739d037a9f10984dc13ba675e,2026-05-15T01:31:16+00:00,1778808676,btc-updown-5m-1778808600 | btc-updown-5m-1778808600,9:30-9:35 PM ET,04:30-04:35 Europe/Kyiv,76,224,BUY,TRADE,Up,BUY,0.03,5.0,0.15,66,66,0,0,597.728148,1079.684075,456.524815,623.15926,456.524815,btc-updown-5m-1778808600,btc-updown-5m-1778808600,"Bitcoin Up or Down - May 14, 9:30PM-9:35PM ET"
67,raw:f3a7d9155b219e1a45bff73e2b4926bce6707ca1,2026-05-15T01:31:16+00:00,1778808676,btc-updown-5m-1778808600 | btc-updown-5m-1778808600,9:30-9:35 PM ET,04:30-04:35 Europe/Kyiv,76,224,BUY,TRADE,Up,BUY,0.03,1.0309,0.030927,67,67,0,0,597.759075,1080.714975,457.555715,623.15926,457.555715,btc-updown-5m-1778808600,btc-updown-5m-1778808600,"Bitcoin Up or Down - May 14, 9:30PM-9:35PM ET"
68,raw:fe879746fe9c53e88fc748a12999bb4104a73061,2026-05-15T01:31:16+00:00,1778808676,btc-updown-5m-1778808600 | btc-updown-5m-1778808600,9:30-9:35 PM ET,04:30-04:35 Europe/Kyiv,76,224,BUY,TRADE,Up,BUY,0.03,5.0,0.15,68,68,0,0,597.909075,1085.714975,462.555715,623.15926,462.555715,btc-updown-5m-1778808600,btc-updown-5m-1778808600,"Bitcoin Up or Down - May 14, 9:30PM-9:35PM ET"
69,raw:02808722f11e1f5554dda2d12abc905fd7b2cdb6,2026-05-15T01:31:18+00:00,1778808678,btc-updown-5m-1778808600 | btc-updown-5m-1778808600,9:30-9:35 PM ET,04:30-04:35 Europe/Kyiv,78,222,BUY,TRADE,Up,BUY,0.03,50.0,1.5,69,69,0,0,599.409075,1135.714975,512.555715,623.15926,512.555715,btc-updown-5m-1778808600,btc-updown-5m-1778808600,"Bitcoin Up or Down - May 14, 9:30PM-9:35PM ET"
70,raw:078deadb837fb04132be1fb2f48b10614e19c985,2026-05-15T01:31:18+00:00,1778808678,btc-updown-5m-1778808600 | btc-updown-5m-1778808600,9:30-9:35 PM ET,04:30-04:35 Europe/Kyiv,78,222,BUY,TRADE,Up,BUY,0.03,35.62,1.0686,70,70,0,0,600.477675,1171.334975,548.175715,623.15926,548.175715,btc-updown-5m-1778808600,btc-updown-5m-1778808600,"Bitcoin Up or Down - May 14, 9:30PM-9:35PM ET"
71,raw:a2cc43f3776a51323c31d9aa942cd35205c05503,2026-05-15T01:31:18+00:00,1778808678,btc-updown-5m-1778808600 | btc-updown-5m-1778808600,9:30-9:35 PM ET,04:30-04:35 Europe/Kyiv,78,222,BUY,TRADE,Up,BUY,0.03,4.15,0.1245,71,71,0,0,600.602175,1175.484975,552.325715,623.15926,552.325715,btc-updown-5m-1778808600,btc-updown-5m-1778808600,"Bitcoin Up or Down - May 14, 9:30PM-9:35PM ET"
72,raw:d4820aaea3ad284b1cac80329edf9609fbce77e8,2026-05-15T01:31:18+00:00,1778808678,btc-updown-5m-1778808600 | btc-updown-5m-1778808600,9:30-9:35 PM ET,04:30-04:35 Europe/Kyiv,78,222,BUY,TRADE,Down,BUY,0.95,50.0,47.5,72,72,0,0,648.102175,1225.484975,552.325715,673.15926,552.325715,btc-updown-5m-1778808600,btc-updown-5m-1778808600,"Bitcoin Up or Down - May 14, 9:30PM-9:35PM ET"
73,raw:fab1b0e4aff822f257355517e91d0b2ab676d94d,2026-05-15T01:31:18+00:00,1778808678,btc-updown-5m-1778808600 | btc-updown-5m-1778808600,9:30-9:35 PM ET,04:30-04:35 Europe/Kyiv,78,222,BUY,TRADE,Up,BUY,0.03,10.23,0.3069,73,73,0,0,648.409075,1235.714975,562.555715,673.15926,562.555715,btc-updown-5m-1778808600,btc-updown-5m-1778808600,"Bitcoin Up or Down - May 14, 9:30PM-9:35PM ET"
74,raw:ddcda41d2b9316738952d5bfd58f409ed702ac26,2026-05-15T01:31:25+00:00,1778808685,btc-updown-5m-1778808600 | btc-updown-5m-1778808600,9:30-9:35 PM ET,04:30-04:35 Europe/Kyiv,85,215,BUY,TRADE,Up,BUY,0.030000003841598597,5.206166,0.156185,74,74,0,0,648.56526,1240.921141,567.761881,673.15926,567.761881,btc-updown-5m-1778808600,btc-updown-5m-1778808600,"Bitcoin Up or Down - May 14, 9:30PM-9:35PM ET"
75,raw:e2663ffc8c1f62f61a41358f34008e1f26f1cf51,2026-05-15T01:31:25+00:00,1778808685,btc-updown-5m-1778808600 | btc-updown-5m-1778808600,9:30-9:35 PM ET,04:30-04:35 Europe/Kyiv,85,215,BUY,TRADE,Up,BUY,0.03,20.0,0.6,75,75,0,0,649.16526,1260.921141,587.761881,673.15926,587.761881,btc-updown-5m-1778808600,btc-updown-5m-1778808600,"Bitcoin Up or Down - May 14, 9:30PM-9:35PM ET"
76,raw:f89bb61f540e916913969a15fb0812439022f17c,2026-05-15T01:31:25+00:00,1778808685,btc-updown-5m-1778808600 | btc-updown-5m-1778808600,9:30-9:35 PM ET,04:30-04:35 Europe/Kyiv,85,215,BUY,TRADE,Up,BUY,0.03,20.0,0.6,76,76,0,0,649.76526,1280.921141,607.761881,673.15926,607.761881,btc-updown-5m-1778808600,btc-updown-5m-1778808600,"Bitcoin Up or Down - May 14, 9:30PM-9:35PM ET"
77,raw:8ffa103516dfaf4f0958dca0666bdeb3b5dd6943,2026-05-15T01:31:27+00:00,1778808687,btc-updown-5m-1778808600 | btc-updown-5m-1778808600,9:30-9:35 PM ET,04:30-04:35 Europe/Kyiv,87,213,BUY,TRADE,Up,BUY,0.04,50.0,2.0,77,77,0,0,651.76526,1330.921141,657.761881,673.15926,657.761881,btc-updown-5m-1778808600,btc-updown-5m-1778808600,"Bitcoin Up or Down - May 14, 9:30PM-9:35PM ET"
78,raw:0fd9318b8b9c8f5597b500b73b683b65b424fbb5,2026-05-15T01:31:32+00:00,1778808692,btc-updown-5m-1778808600 | btc-updown-5m-1778808600,9:30-9:35 PM ET,04:30-04:35 Europe/Kyiv,92,208,BUY,TRADE,Up,BUY,0.06,35.66,2.1396,78,78,0,0,653.90486,1366.581141,693.421881,673.15926,673.15926,btc-updown-5m-1778808600,btc-updown-5m-1778808600,"Bitcoin Up or Down - May 14, 9:30PM-9:35PM ET"
79,raw:9c30e452042826097240d8667852a382dcbc8f84,2026-05-15T01:31:32+00:00,1778808692,btc-updown-5m-1778808600 | btc-updown-5m-1778808600,9:30-9:35 PM ET,04:30-04:35 Europe/Kyiv,92,208,BUY,TRADE,Up,BUY,0.06000000940000696,4.255316,0.255319,79,79,0,0,654.160179,1370.836457,697.677197,673.15926,673.15926,btc-updown-5m-1778808600,btc-updown-5m-1778808600,"Bitcoin Up or Down - May 14, 9:30PM-9:35PM ET"
80,raw:0733b627956c00c9a1edc9284109598febcc732b,2026-05-15T01:31:34+00:00,1778808694,btc-updown-5m-1778808600 | btc-updown-5m-1778808600,9:30-9:35 PM ET,04:30-04:35 Europe/Kyiv,94,206,BUY,TRADE,Up,BUY,0.06,19.87,1.1922,80,80,0,0,655.352379,1390.706457,717.547197,673.15926,673.15926,btc-updown-5m-1778808600,btc-updown-5m-1778808600,"Bitcoin Up or Down - May 14, 9:30PM-9:35PM ET"
81,raw:12f5dd1a2b2fba06985e160e24feab37d23db79e,2026-05-15T01:31:34+00:00,1778808694,btc-updown-5m-1778808600 | btc-updown-5m-1778808600,9:30-9:35 PM ET,04:30-04:35 Europe/Kyiv,94,206,BUY,TRADE,Up,BUY,0.06000000783335938,5.106366,0.306382,81,81,0,0,655.658761,1395.812823,722.653563,673.15926,673.15926,btc-updown-5m-1778808600,btc-updown-5m-1778808600,"Bitcoin Up or Down - May 14, 9:30PM-9:35PM ET"
82,raw:1bce60da48e55313130ac6ddc199d7533ff78c8d,2026-05-15T01:31:34+00:00,1778808694,btc-updown-5m-1778808600 | btc-updown-5m-1778808600,9:30-9:35 PM ET,04:30-04:35 Europe/Kyiv,94,206,BUY,TRADE,Up,BUY,0.06,20.0,1.2,82,82,0,0,656.858761,1415.812823,742.653563,673.15926,673.15926,btc-updown-5m-1778808600,btc-updown-5m-1778808600,"Bitcoin Up or Down - May 14, 9:30PM-9:35PM ET"
83,raw:264612ab75b59b7217ae129519a1c3c82ff3edda,2026-05-15T01:31:34+00:00,1778808694,btc-updown-5m-1778808600 | btc-updown-5m-1778808600,9:30-9:35 PM ET,04:30-04:35 Europe/Kyiv,94,206,BUY,TRADE,Up,BUY,0.06,4.89,0.2934,83,83,0,0,657.152161,1420.702823,747.543563,673.15926,673.15926,btc-updown-5m-1778808600,btc-updown-5m-1778808600,"Bitcoin Up or Down - May 14, 9:30PM-9:35PM ET"
84,raw:303f0d3703ddc337b8699bdbd647003234ba8d02,2026-05-15T01:31:34+00:00,1778808694,btc-updown-5m-1778808600 | btc-updown-5m-1778808600,9:30-9:35 PM ET,04:30-04:35 Europe/Kyiv,94,206,BUY,TRADE,Up,BUY,0.06,5.0,0.3,84,84,0,0,657.452161,1425.702823,752.543563,673.15926,673.15926,btc-updown-5m-1778808600,btc-updown-5m-1778808600,"Bitcoin Up or Down - May 14, 9:30PM-9:35PM ET"
85,raw:378c561c20dff43a10b94993a391d16d5542dee7,2026-05-15T01:31:34+00:00,1778808694,btc-updown-5m-1778808600 | btc-updown-5m-1778808600,9:30-9:35 PM ET,04:30-04:35 Europe/Kyiv,94,206,BUY,TRADE,Up,BUY,0.06,10.0,0.6,85,85,0,0,658.052161,1435.702823,762.543563,673.15926,673.15926,btc-updown-5m-1778808600,btc-updown-5m-1778808600,"Bitcoin Up or Down - May 14, 9:30PM-9:35PM ET"
86,raw:62c3c6d6a05a2e2262091219578e6b037288e6fe,2026-05-15T01:31:34+00:00,1778808694,btc-updown-5m-1778808600 | btc-updown-5m-1778808600,9:30-9:35 PM ET,04:30-04:35 Europe/Kyiv,94,206,BUY,TRADE,Up,BUY,0.05,2.10526,0.105263,86,86,0,0,658.157424,1437.808083,764.648823,673.15926,673.15926,btc-updown-5m-1778808600,btc-updown-5m-1778808600,"Bitcoin Up or Down - May 14, 9:30PM-9:35PM ET"
87,raw:79ec307930a8f58b7d507b47b1e3cde0a8f7289d,2026-05-15T01:31:34+00:00,1778808694,btc-updown-5m-1778808600 | btc-updown-5m-1778808600,9:30-9:35 PM ET,04:30-04:35 Europe/Kyiv,94,206,BUY,TRADE,Up,BUY,0.06,10.08,0.6048,87,87,0,0,658.762224,1447.888083,774.728823,673.15926,673.15926,btc-updown-5m-1778808600,btc-updown-5m-1778808600,"Bitcoin Up or Down - May 14, 9:30PM-9:35PM ET"
88,raw:7ccc793403b99d2acfdb3cb357bb0cb2605cd900,2026-05-15T01:31:34+00:00,1778808694,btc-updown-5m-1778808600 | btc-updown-5m-1778808600,9:30-9:35 PM ET,04:30-04:35 Europe/Kyiv,94,206,BUY,TRADE,Up,BUY,0.05,5.0,0.25,88,88,0,0,659.012224,1452.888083,779.728823,673.15926,673.15926,btc-updown-5m-1778808600,btc-updown-5m-1778808600,"Bitcoin Up or Down - May 14, 9:30PM-9:35PM ET"
89,raw:b134669624b806e9af091415a3c8991f6dcb18e4,2026-05-15T01:31:34+00:00,1778808694,btc-updown-5m-1778808600 | btc-updown-5m-1778808600,9:30-9:35 PM ET,04:30-04:35 Europe/Kyiv,94,206,BUY,TRADE,Up,BUY,0.05,4.75,0.2375,89,89,0,0,659.249724,1457.638083,784.478823,673.15926,673.15926,btc-updown-5m-1778808600,btc-updown-5m-1778808600,"Bitcoin Up or Down - May 14, 9:30PM-9:35PM ET"
90,raw:b722e38ac893546b551d846105b5b396e5446625,2026-05-15T01:31:34+00:00,1778808694,btc-updown-5m-1778808600 | btc-updown-5m-1778808600,9:30-9:35 PM ET,04:30-04:35 Europe/Kyiv,94,206,BUY,TRADE,Up,BUY,0.06,5.0,0.3,90,90,0,0,659.549724,1462.638083,789.478823,673.15926,673.15926,btc-updown-5m-1778808600,btc-updown-5m-1778808600,"Bitcoin Up or Down - May 14, 9:30PM-9:35PM ET"
91,raw:be448b89c665c0927b1e9cb2800fec56e09f901c,2026-05-15T01:31:34+00:00,1778808694,btc-updown-5m-1778808600 | btc-updown-5m-1778808600,9:30-9:35 PM ET,04:30-04:35 Europe/Kyiv,94,206,BUY,TRADE,Up,BUY,0.06,30.13,1.8078,91,91,0,0,661.357524,1492.768083,819.608823,673.15926,673.15926,btc-updown-5m-1778808600,btc-updown-5m-1778808600,"Bitcoin Up or Down - May 14, 9:30PM-9:35PM ET"
92,raw:50feb7cb94c5042030955a145fe727330a0739a5,2026-05-15T01:31:35+00:00,1778808695,btc-updown-5m-1778808600 | btc-updown-5m-1778808600,9:30-9:35 PM ET,04:30-04:35 Europe/Kyiv,95,205,BUY,TRADE,Up,BUY,0.05,23.13578,1.156789,92,92,0,0,662.514313,1515.903863,842.744603,673.15926,673.15926,btc-updown-5m-1778808600,btc-updown-5m-1778808600,"Bitcoin Up or Down - May 14, 9:30PM-9:35PM ET"
93,raw:b6159652855c75a4f3113c0e63aa4f26f069ef14,2026-05-15T01:31:35+00:00,1778808695,btc-updown-5m-1778808600 | btc-updown-5m-1778808600,9:30-9:35 PM ET,04:30-04:35 Europe/Kyiv,95,205,BUY,TRADE,Up,BUY,0.05,15.0,0.75,93,93,0,0,663.264313,1530.903863,857.744603,673.15926,673.15926,btc-updown-5m-1778808600,btc-updown-5m-1778808600,"Bitcoin Up or Down - May 14, 9:30PM-9:35PM ET"
94,raw:b6b03e10a8a664f7fe554406d1e1b6f76c5ef698,2026-05-15T01:31:41+00:00,1778808701,btc-updown-5m-1778808600 | btc-updown-5m-1778808600,9:30-9:35 PM ET,04:30-04:35 Europe/Kyiv,101,199,BUY,TRADE,Down,BUY,0.97,50.0,48.5,94,94,0,0,711.764313,1580.903863,857.744603,723.15926,723.15926,btc-updown-5m-1778808600,btc-updown-5m-1778808600,"Bitcoin Up or Down - May 14, 9:30PM-9:35PM ET"
95,raw:58d5f003db8b768a58f1de51cae39887a982c94a,2026-05-15T01:31:46+00:00,1778808706,btc-updown-5m-1778808600 | btc-updown-5m-1778808600,9:30-9:35 PM ET,04:30-04:35 Europe/Kyiv,106,194,BUY,TRADE,Down,BUY,0.97,50.0,48.5,95,95,0,0,760.264313,1630.903863,857.744603,773.15926,773.15926,btc-updown-5m-1778808600,btc-updown-5m-1778808600,"Bitcoin Up or Down - May 14, 9:30PM-9:35PM ET"
96,raw:389bf3550fcfaebc5b2aad5b61f5b37c0bf7fcd2,2026-05-15T01:31:51+00:00,1778808711,btc-updown-5m-1778808600 | btc-updown-5m-1778808600,9:30-9:35 PM ET,04:30-04:35 Europe/Kyiv,111,189,BUY,TRADE,Up,BUY,0.02,1.53,0.0306,96,96,0,0,760.294913,1632.433863,859.274603,773.15926,773.15926,btc-updown-5m-1778808600,btc-updown-5m-1778808600,"Bitcoin Up or Down - May 14, 9:30PM-9:35PM ET"
97,raw:4a870c074eea7665f6281c7a2a7ec26f90ade80b,2026-05-15T01:31:53+00:00,1778808713,btc-updown-5m-1778808600 | btc-updown-5m-1778808600,9:30-9:35 PM ET,04:30-04:35 Europe/Kyiv,113,187,BUY,TRADE,Up,BUY,0.02,2.0408,0.040816,97,97,0,0,760.335729,1634.474663,861.315403,773.15926,773.15926,btc-updown-5m-1778808600,btc-updown-5m-1778808600,"Bitcoin Up or Down - May 14, 9:30PM-9:35PM ET"
98,raw:ac1378d764d92467c3468d27ec8b6bc94ba27003,2026-05-15T01:31:53+00:00,1778808713,btc-updown-5m-1778808600 | btc-updown-5m-1778808600,9:30-9:35 PM ET,04:30-04:35 Europe/Kyiv,113,187,BUY,TRADE,Up,BUY,0.02,20.0,0.4,98,98,0,0,760.735729,1654.474663,881.315403,773.15926,773.15926,btc-updown-5m-1778808600,btc-updown-5m-1778808600,"Bitcoin Up or Down - May 14, 9:30PM-9:35PM ET"
99,raw:d58814d7da41f73491149daf51e694c9cd0cae53,2026-05-15T01:31:53+00:00,1778808713,btc-updown-5m-1778808600 | btc-updown-5m-1778808600,9:30-9:35 PM ET,04:30-04:35 Europe/Kyiv,113,187,BUY,TRADE,Up,BUY,0.02,26.42,0.5284,99,99,0,0,761.264129,1680.894663,907.735403,773.15926,773.15926,btc-updown-5m-1778808600,btc-updown-5m-1778808600,"Bitcoin Up or Down - May 14, 9:30PM-9:35PM ET"
100,raw:91ac48fcd045b3f9ac8b78d6f3831b2a6f841498,2026-05-15T01:31:55+00:00,1778808715,btc-updown-5m-1778808600 | btc-updown-5m-1778808600,9:30-9:35 PM ET,04:30-04:35 Europe/Kyiv,115,185,BUY,TRADE,Up,BUY,0.02,50.0,1.0,100,100,0,0,762.264129,1730.894663,957.735403,773.15926,773.15926,btc-updown-5m-1778808600,btc-updown-5m-1778808600,"Bitcoin Up or Down - May 14, 9:30PM-9:35PM ET"
101,raw:365e1cf607b802175fe11a8a860bb9ba9e13ef20,2026-05-15T01:35:30+00:00,1778808930,btc-updown-5m-1778808600 | btc-updown-5m-1778808600,9:30-9:35 PM ET,04:30-04:35 Europe/Kyiv,330,-30,REDEEM,REDEEM,,,0.0,773.15926,773.15926,101,100,0,0,1535.423389,2504.053923,957.735403,773.15926,773.15926,btc-updown-5m-1778808600,btc-updown-5m-1778808600,"Bitcoin Up or Down - May 14, 9:30PM-9:35PM ET"
